iter	Accuracy	CrossEntropy
0	0.9643835616	0.6588655237
1	0.9589041096	0.6223247789
2	0.9671232877	0.5863529571
3	0.9671232877	0.5539000629
4	0.9698630137	0.5219795123
5	0.9753424658	0.496257876
6	0.9780821918	0.4707193453
7	0.9780821918	0.4486897508
8	0.9753424658	0.4251360331
9	0.9808219178	0.4030276782
10	0.9808219178	0.3846473171
11	0.9835616438	0.3695659481
12	0.9808219178	0.3549875756
