iter	Accuracy	CrossEntropy
0	0.958041958	0.6518172684
1	0.972027972	0.6155082863
2	0.972027972	0.5827944029
3	0.979020979	0.5518472311
4	0.993006993	0.5253255351
5	0.979020979	0.5000832298
6	0.993006993	0.4764211161
7	0.993006993	0.4526802543
8	0.993006993	0.4298933336
9	0.993006993	0.4124776133
10	0.993006993	0.3932072033
11	0.993006993	0.3747655162
12	0.993006993	0.3597252052
13	0.993006993	0.3464623298
