iter	Accuracy	CrossEntropy
0	0.9698630137	0.6565233623
1	0.9726027397	0.6223366097
2	0.9753424658	0.5913667026
3	0.9753424658	0.5574435299
4	0.9753424658	0.5314881207
5	0.9753424658	0.5057308667
6	0.9753424658	0.4820566256
7	0.9753424658	0.4610949791
8	0.9753424658	0.4394316791
9	0.9753424658	0.4179958396
10	0.9780821918	0.3991907825
11	0.9780821918	0.3832751967
12	0.9780821918	0.3670059831
13	0.9780821918	0.3502355915
14	0.9780821918	0.3360374973
